-- Sample data for DuckDB analytics database
-- Scientific Publication Data Extraction System

-- Insert sample papers
INSERT INTO papers VALUES
    ('PMC6267067', 'Cardiac Regeneration: Biological and Therapeutic Implications', 'Heart failure remains a leading cause of morbidity and mortality worldwide. This review discusses recent advances in cardiac regeneration research.', '2023-05-19 14:30:45', 'PMC', 'completed'),
    ('PMC6267068', 'GATA4 and NKX2-5 in Cardiac Development', 'Transcription factors play crucial roles in heart development. This study examines the interaction between GATA4 and NKX2-5 in cardiomyocyte differentiation.', '2023-05-19 14:35:22', 'PMC', 'completed'),
    ('PMC6267069', 'Signaling Pathways in Cardiac Hypertrophy', 'Cardiac hypertrophy is an adaptive response to increased workload. This paper reviews the molecular mechanisms underlying pathological hypertrophy.', '2023-05-19 14:40:18', 'PMC', 'completed'),
    ('PMC6267070', 'Stem Cell Therapy for Myocardial Infarction', 'Stem cell-based therapies offer promising approaches for treating myocardial infarction. This study evaluates different stem cell sources and delivery methods.', '2023-05-19 14:45:33', 'PMC', 'completed'),
    ('PMC6267071', 'MicroRNAs in Cardiac Fibrosis', 'MicroRNAs regulate gene expression post-transcriptionally. This review focuses on miRNAs involved in cardiac fibrosis following injury.', '2023-05-19 14:50:12', 'PMC', 'completed');

-- Insert sample figures
INSERT INTO figures VALUES
    ('fig_12345', 'PMC6267067', 1, 'Figure 1. Cardiac differentiation of human pluripotent stem cells. GATA4 and NKX2-5 are key transcription factors.', 'https://example.com/figures/PMC6267067/figure1.jpg'),
    ('fig_12346', 'PMC6267067', 2, 'Figure 2. Signaling pathways involved in cardiomyocyte proliferation.', 'https://example.com/figures/PMC6267067/figure2.jpg'),
    ('fig_12347', 'PMC6267067', 3, 'Figure 3. Cardiac regeneration strategies and their efficacy in preclinical models.', 'https://example.com/figures/PMC6267067/figure3.jpg'),
    ('fig_12348', 'PMC6267067', 4, 'Figure 4. Comparison of different cell types used for cardiac repair.', 'https://example.com/figures/PMC6267067/figure4.jpg'),
    ('fig_23456', 'PMC6267068', 1, 'Figure 1. GATA4 expression during cardiac development.', 'https://example.com/figures/PMC6267068/figure1.jpg'),
    ('fig_23457', 'PMC6267068', 2, 'Figure 2. NKX2-5 binding sites in cardiac-specific genes.', 'https://example.com/figures/PMC6267068/figure2.jpg'),
    ('fig_23458', 'PMC6267068', 3, 'Figure 3. Interaction between GATA4 and NKX2-5 in transcriptional regulation.', 'https://example.com/figures/PMC6267068/figure3.jpg'),
    ('fig_34567', 'PMC6267069', 1, 'Figure 1. MAPK signaling in cardiac hypertrophy.', 'https://example.com/figures/PMC6267069/figure1.jpg'),
    ('fig_34568', 'PMC6267069', 2, 'Figure 2. Calcineurin-NFAT pathway in pathological remodeling.', 'https://example.com/figures/PMC6267069/figure2.jpg'),
    ('fig_45678', 'PMC6267070', 1, 'Figure 1. Sources of stem cells for cardiac repair.', 'https://example.com/figures/PMC6267070/figure1.jpg'),
    ('fig_45679', 'PMC6267070', 2, 'Figure 2. Delivery methods for stem cell therapy in myocardial infarction.', 'https://example.com/figures/PMC6267070/figure2.jpg'),
    ('fig_45680', 'PMC6267070', 3, 'Figure 3. Mechanisms of stem cell-mediated cardiac repair.', 'https://example.com/figures/PMC6267070/figure3.jpg'),
    ('fig_56789', 'PMC6267071', 1, 'Figure 1. miR-21 expression in cardiac fibroblasts following injury.', 'https://example.com/figures/PMC6267071/figure1.jpg'),
    ('fig_56790', 'PMC6267071', 2, 'Figure 2. miR-29 family in regulation of extracellular matrix proteins.', 'https://example.com/figures/PMC6267071/figure2.jpg'),
    ('fig_56791', 'PMC6267071', 3, 'Figure 3. Therapeutic targeting of miRNAs to reduce cardiac fibrosis.', 'https://example.com/figures/PMC6267071/figure3.jpg');

-- Insert sample entities
INSERT INTO entities VALUES
    ('ent_11111', 'GATA4', 'Gene', '2626'),
    ('ent_11112', 'NKX2-5', 'Gene', '1482'),
    ('ent_11113', 'human', 'Species', '9606'),
    ('ent_11114', 'pluripotent stem cells', 'CellLine', 'CL:0002248'),
    ('ent_11115', 'Cardiac', 'Disease', 'MESH:D006331'),
    ('ent_22222', 'cardiomyocyte', 'CellType', 'CL:0000746'),
    ('ent_22223', 'proliferation', 'BiologicalProcess', 'GO:0008283'),
    ('ent_33333', 'regeneration', 'BiologicalProcess', 'GO:0031099'),
    ('ent_44444', 'repair', 'BiologicalProcess', 'GO:0042552'),
    ('ent_55555', 'development', 'BiologicalProcess', 'GO:0007507'),
    ('ent_66666', 'MAPK', 'Gene', '5594'),
    ('ent_66667', 'hypertrophy', 'Disease', 'MESH:D017379'),
    ('ent_77777', 'Calcineurin', 'Protein', 'P48454'),
    ('ent_77778', 'NFAT', 'Gene', '4772'),
    ('ent_77779', 'pathological', 'Disease', 'MESH:D012871'),
    ('ent_77780', 'remodeling', 'BiologicalProcess', 'GO:0035924'),
    ('ent_88888', 'stem cells', 'CellType', 'CL:0000034'),
    ('ent_88889', 'myocardial infarction', 'Disease', 'MESH:D009203'),
    ('ent_99999', 'miR-21', 'Gene', '406991'),
    ('ent_99990', 'cardiac fibroblasts', 'CellType', 'CL:0000057'),
    ('ent_99991', 'injury', 'Disease', 'MESH:D014947'),
    ('ent_99992', 'miR-29', 'Gene', '407024'),
    ('ent_99993', 'extracellular matrix', 'CellularComponent', 'GO:0031012'),
    ('ent_99994', 'proteins', 'Protein', 'PR:000000001'),
    ('ent_99995', 'miRNAs', 'Gene', '406991'),
    ('ent_99996', 'fibrosis', 'Disease', 'MESH:D005355');

-- Insert sample figure-entity relationships
INSERT INTO figure_entities VALUES
    ('fig_12345', 'ent_11111', 62, 67),
    ('fig_12345', 'ent_11112', 72, 78),
    ('fig_12345', 'ent_11113', 31, 36),
    ('fig_12345', 'ent_11114', 37, 60),
    ('fig_12345', 'ent_11115', 8, 15),
    ('fig_12346', 'ent_22222', 28, 41),
    ('fig_12346', 'ent_22223', 42, 55),
    ('fig_12347', 'ent_11115', 8, 15),
    ('fig_12347', 'ent_33333', 16, 28),
    ('fig_12348', 'ent_11115', 29, 36),
    ('fig_12348', 'ent_44444', 37, 43),
    ('fig_23456', 'ent_11111', 8, 13),
    ('fig_23456', 'ent_11115', 23, 30),
    ('fig_23456', 'ent_55555', 31, 42),
    ('fig_23457', 'ent_11112', 8, 14),
    ('fig_23457', 'ent_11115', 29, 36),
    ('fig_23458', 'ent_11111', 21, 26),
    ('fig_23458', 'ent_11112', 31, 37),
    ('fig_34567', 'ent_66666', 8, 12),
    ('fig_34567', 'ent_11115', 26, 33),
    ('fig_34567', 'ent_66667', 34, 45),
    ('fig_34568', 'ent_77777', 8, 19),
    ('fig_34568', 'ent_77778', 20, 24),
    ('fig_34568', 'ent_77779', 35, 47),
    ('fig_34568', 'ent_77780', 48, 58),
    ('fig_45678', 'ent_88888', 12, 22),
    ('fig_45678', 'ent_11115', 27, 34),
    ('fig_45678', 'ent_44444', 35, 41),
    ('fig_45679', 'ent_88888', 24, 33),
    ('fig_45679', 'ent_88889', 43, 64),
    ('fig_45680', 'ent_88888', 14, 23),
    ('fig_45680', 'ent_11115', 35, 42),
    ('fig_45680', 'ent_44444', 43, 49),
    ('fig_56789', 'ent_99999', 8, 14),
    ('fig_56789', 'ent_99990', 29, 48),
    ('fig_56789', 'ent_99991', 58, 64),
    ('fig_56790', 'ent_99992', 8, 14),
    ('fig_56790', 'ent_99993', 31, 51),
    ('fig_56790', 'ent_99994', 52, 60),
    ('fig_56791', 'ent_99995', 24, 30),
    ('fig_56791', 'ent_11115', 43, 50),
    ('fig_56791', 'ent_99996', 51, 59);

-- Insert sample entity co-occurrences
INSERT INTO entity_cooccurrences VALUES
    ('fig_12345', 'ent_11111', 'ent_11112', 'Gene', 'Gene', 5),
    ('fig_12345', 'ent_11111', 'ent_11113', 'Gene', 'Species', 31),
    ('fig_12345', 'ent_11111', 'ent_11114', 'Gene', 'CellLine', 25),
    ('fig_12345', 'ent_11112', 'ent_11113', 'Gene', 'Species', 36),
    ('fig_12345', 'ent_11112', 'ent_11114', 'Gene', 'CellLine', 30),
    ('fig_12345', 'ent_11113', 'ent_11114', 'Species', 'CellLine', 1),
    ('fig_23458', 'ent_11111', 'ent_11112', 'Gene', 'Gene', 5),
    ('fig_34567', 'ent_66666', 'ent_11115', 'Gene', 'Disease', 14),
    ('fig_34567', 'ent_66666', 'ent_66667', 'Gene', 'Disease', 22),
    ('fig_34567', 'ent_11115', 'ent_66667', 'Disease', 'Disease', 1),
    ('fig_34568', 'ent_77777', 'ent_77778', 'Protein', 'Gene', 1),
    ('fig_34568', 'ent_77777', 'ent_77779', 'Protein', 'Disease', 16),
    ('fig_34568', 'ent_77778', 'ent_77779', 'Gene', 'Disease', 11),
    ('fig_56789', 'ent_99999', 'ent_99990', 'Gene', 'CellType', 15),
    ('fig_56789', 'ent_99999', 'ent_99991', 'Gene', 'Disease', 44),
    ('fig_56789', 'ent_99990', 'ent_99991', 'CellType', 'Disease', 10),
    ('fig_56790', 'ent_99992', 'ent_99993', 'Gene', 'CellularComponent', 17),
    ('fig_56790', 'ent_99992', 'ent_99994', 'Gene', 'Protein', 38),
    ('fig_56790', 'ent_99993', 'ent_99994', 'CellularComponent', 'Protein', 1),
    ('fig_56791', 'ent_99995', 'ent_11115', 'Gene', 'Disease', 13),
    ('fig_56791', 'ent_99995', 'ent_99996', 'Gene', 'Disease', 21),
    ('fig_56791', 'ent_11115', 'ent_99996', 'Disease', 'Disease', 1);

-- Insert sample paper-entity relationships
INSERT INTO paper_entities VALUES
    ('PMC6267067', 'ent_11111', 1),
    ('PMC6267067', 'ent_11112', 1),
    ('PMC6267067', 'ent_11113', 1),
    ('PMC6267067', 'ent_11114', 1),
    ('PMC6267067', 'ent_11115', 3),
    ('PMC6267067', 'ent_22222', 1),
    ('PMC6267067', 'ent_22223', 1),
    ('PMC6267067', 'ent_33333', 1),
    ('PMC6267067', 'ent_44444', 1),
    ('PMC6267068', 'ent_11111', 2),
    ('PMC6267068', 'ent_11112', 2),
    ('PMC6267068', 'ent_11115', 2),
    ('PMC6267068', 'ent_55555', 1),
    ('PMC6267069', 'ent_66666', 1),
    ('PMC6267069', 'ent_11115', 1),
    ('PMC6267069', 'ent_66667', 1),
    ('PMC6267069', 'ent_77777', 1),
    ('PMC6267069', 'ent_77778', 1),
    ('PMC6267069', 'ent_77779', 1),
    ('PMC6267069', 'ent_77780', 1),
    ('PMC6267070', 'ent_88888', 3),
    ('PMC6267070', 'ent_11115', 2),
    ('PMC6267070', 'ent_44444', 2),
    ('PMC6267070', 'ent_88889', 1),
    ('PMC6267071', 'ent_99999', 1),
    ('PMC6267071', 'ent_99990', 1),
    ('PMC6267071', 'ent_99991', 1),
    ('PMC6267071', 'ent_99992', 1),
    ('PMC6267071', 'ent_99993', 1),
    ('PMC6267071', 'ent_99994', 1),
    ('PMC6267071', 'ent_99995', 1),
    ('PMC6267071', 'ent_11115', 1),
    ('PMC6267071', 'ent_99996', 1);

-- Insert entity statistics
INSERT INTO entity_statistics VALUES
    ('Gene', 7, 10, 5, '["GATA4", "NKX2-5", "MAPK", "NFAT", "miR-21", "miR-29", "miRNAs"]'),
    ('Disease', 6, 12, 5, '["Cardiac", "hypertrophy", "pathological", "myocardial infarction", "injury", "fibrosis"]'),
    ('Species', 1, 1, 1, '["human"]'),
    ('CellLine', 1, 1, 1, '["pluripotent stem cells"]'),
    ('CellType', 3, 5, 3, '["cardiomyocyte", "stem cells", "cardiac fibroblasts"]'),
    ('Protein', 2, 2, 2, '["Calcineurin", "proteins"]'),
    ('BiologicalProcess', 4, 6, 3, '["proliferation", "regeneration", "repair", "development"]'),
    ('CellularComponent', 1, 1, 1, '["extracellular matrix"]');